‚Ññ,–ü—Ä–∏–æ—Ä–∏—Ç–µ—Ç,–ü—Ä–æ–≤–µ—Ä–∫–∞,–û–∂–∏–¥–∞–µ–º—ã–π —Ä–µ–∑—É–ª—å—Ç–∞—Ç
–ü–æ–∏—Å–∫ –ø–æ –≤–≤–µ–¥—ë–Ω–Ω–æ–º—É —Ç–µ–∫—Å—Ç—É,,,
1,–í—ã—Å–æ–∫–∏–π,"–¢–æ–≤–∞—Ä, –æ–¥–Ω–æ —Å–ª–æ–≤–æ –∫–∏—Ä–∏–ª–ª–∏—Ü–µ–π (¬´–ø–ª–∞—Ç—å–µ¬ª)","–ü–æ—è–≤–ª—è–µ—Ç—Å—è —Å–æ–æ–±—â–µ–Ω–∏–µ ‚Äú–ü–æ –∑–∞–ø—Ä–æ—Å—É ¬´–ø–ª–∞—Ç—å–µ¬ª –Ω–∞–π–¥–µ–Ω–æ‚Äù, –æ—Ç–æ–±—Ä–∞–∂–∞–µ—Ç—Å—è —Å–ø–∏—Å–æ–∫ —Å–æ–æ—Ç–≤–µ—Ç—Å—Ç–≤—É—é—â–∏—Ö –∑–∞–ø—Ä–æ—Å—É —Ç–æ–≤–∞—Ä–æ–≤"
2,–°—Ä–µ–¥–Ω–∏–π,–ë—Ä–µ–Ω–¥ –∫–∏—Ä–∏–ª–ª–∏—Ü–µ–π (¬´–∞–¥–∏–¥–∞—Å¬ª),"–ü–æ—è–≤–ª—è–µ—Ç—Å—è —Å–æ–æ–±—â–µ–Ω–∏–µ ‚Äú–ü–æ –∑–∞–ø—Ä–æ—Å—É ¬´–∞–¥–∏–¥–∞—Å¬ª –Ω–∞–π–¥–µ–Ω–æ‚Äù, –æ—Ç–æ–±—Ä–∞–∂–∞–µ—Ç—Å—è —Å–ø–∏—Å–æ–∫ —Å–æ–æ—Ç–≤–µ—Ç—Å—Ç–≤—É—é—â–∏—Ö –∑–∞–ø—Ä–æ—Å—É —Ç–æ–≤–∞—Ä–æ–≤"
3,–°—Ä–µ–¥–Ω–∏–π,–ê—Ä—Ç–∏–∫—É–ª —Ç–æ–≤–∞—Ä–∞ (¬´33638154¬ª),–û—Ç–∫—Ä—ã–≤–∞–µ—Ç—Å—è –∫–∞—Ä—Ç–æ—á–∫–∞ —Ç–æ–≤–∞—Ä–∞ —Å —É–∫–∞–∑–∞–Ω–Ω—ã–º –∞—Ä—Ç–∏–∫—É–ª–æ–º
4,–°—Ä–µ–¥–Ω–∏–π,"–¢–æ–≤–∞—Ä –∏ —Ö–∞—Ä–∞–∫—Ç–µ—Ä–∏—Å—Ç–∏–∫–∞ —Ç–æ–≤–∞—Ä–∞ (—Ü–≤–µ—Ç), –¥–≤–∞ —Å–ª–æ–≤–∞ –∫–∏—Ä–∏–ª–ª–∏—Ü–µ–π —á–µ—Ä–µ–∑ –ø—Ä–æ–±–µ–ª (¬´—Å–≤–∏—Ç–µ—Ä –∑–µ–ª–µ–Ω—ã–π¬ª)","–ü–æ—è–≤–ª—è–µ—Ç—Å—è —Å–æ–æ–±—â–µ–Ω–∏–µ ‚Äú–ü–æ –∑–∞–ø—Ä–æ—Å—É ¬´—Å–≤–∏—Ç–µ—Ä –∑–µ–ª–µ–Ω—ã–π¬ª –Ω–∞–π–¥–µ–Ω–æ‚Äù, –æ—Ç–æ–±—Ä–∞–∂–∞–µ—Ç—Å—è —Å–ø–∏—Å–æ–∫ —Å–æ–æ—Ç–≤–µ—Ç—Å—Ç–≤—É—é—â–∏—Ö –∑–∞–ø—Ä–æ—Å—É —Ç–æ–≤–∞—Ä–æ–≤"
5,–ù–∏–∑–∫–∏–π,"–¢–æ–≤–∞—Ä –∏ —Ö–∞—Ä–∞–∫—Ç–µ—Ä–∏—Å—Ç–∏–∫–∞ —Ç–æ–≤–∞—Ä–∞ (—Å–µ–∑–æ–Ω), –¥–≤–∞ —Å–ª–æ–≤–∞ –∫–∏—Ä–∏–ª–ª–∏—Ü–µ–π —á–µ—Ä–µ–∑ –ø—Ä–æ–±–µ–ª (¬´—Å–∞–ø–æ–≥–∏ –∑–∏–º–Ω–∏–µ¬ª)","–ü–æ—è–≤–ª—è–µ—Ç—Å—è —Å–æ–æ–±—â–µ–Ω–∏–µ ‚Äú–ü–æ –∑–∞–ø—Ä–æ—Å—É ¬´—Å–∞–ø–æ–≥–∏ –∑–∏–º–Ω–∏–µ¬ª –Ω–∞–π–¥–µ–Ω–æ‚Äù, –æ—Ç–æ–±—Ä–∞–∂–∞–µ—Ç—Å—è —Å–ø–∏—Å–æ–∫ —Å–æ–æ—Ç–≤–µ—Ç—Å—Ç–≤—É—é—â–∏—Ö –∑–∞–ø—Ä–æ—Å—É —Ç–æ–≤–∞—Ä–æ–≤"
6,–ù–∏–∑–∫–∏–π,"–¢–æ–≤–∞—Ä –∏ —Ö–∞—Ä–∞–∫—Ç–µ—Ä–∏—Å—Ç–∏–∫–∞ —Ç–æ–≤–∞—Ä–∞ (–º–∞—Ç–µ—Ä–∏–∞–ª), –¥–≤–∞ —Å–ª–æ–≤–∞ –∫–∏—Ä–∏–ª–ª–∏—Ü–µ–π —á–µ—Ä–µ–∑ –ø—Ä–æ–±–µ–ª (¬´–ø–µ—Ä—á–∞—Ç–∫–∏ –∫–æ–∂–∞–Ω—ã–µ¬ª)","–ü–æ—è–≤–ª—è–µ—Ç—Å—è —Å–æ–æ–±—â–µ–Ω–∏–µ ‚Äú–ü–æ –∑–∞–ø—Ä–æ—Å—É ¬´–ø–µ—Ä—á–∞—Ç–∫–∏ –∫–æ–∂–∞–Ω—ã–µ¬ª –Ω–∞–π–¥–µ–Ω–æ‚Äù, –æ—Ç–æ–±—Ä–∞–∂–∞–µ—Ç—Å—è —Å–ø–∏—Å–æ–∫ —Å–æ–æ—Ç–≤–µ—Ç—Å—Ç–≤—É—é—â–∏—Ö –∑–∞–ø—Ä–æ—Å—É —Ç–æ–≤–∞—Ä–æ–≤"
7,–ù–∏–∑–∫–∏–π,"–¢–æ–≤–∞—Ä –∏ —Ö–∞—Ä–∞–∫—Ç–µ—Ä–∏—Å—Ç–∏–∫–∞ —Ç–æ–≤–∞—Ä–∞ (—Å—Ç–∏–ª—å), –¥–≤–∞ —Å–ª–æ–≤–∞ –∫–∏—Ä–∏–ª–ª–∏—Ü–µ–π —á–µ—Ä–µ–∑ –ø—Ä–æ–±–µ–ª (¬´—Ñ—É—Ç–±–æ–ª–∫–∞ –æ–≤–µ—Ä—Å–∞–π–∑¬ª)","–ü–æ—è–≤–ª—è–µ—Ç—Å—è —Å–æ–æ–±—â–µ–Ω–∏–µ ‚Äú–ü–æ –∑–∞–ø—Ä–æ—Å—É ¬´—Ñ—É—Ç–±–æ–ª–∫–∞ –æ–≤–µ—Ä—Å–∞–π–∑¬ª –Ω–∞–π–¥–µ–Ω–æ‚Äù, –æ—Ç–æ–±—Ä–∞–∂–∞–µ—Ç—Å—è —Å–ø–∏—Å–æ–∫ —Å–æ–æ—Ç–≤–µ—Ç—Å—Ç–≤—É—é—â–∏—Ö –∑–∞–ø—Ä–æ—Å—É —Ç–æ–≤–∞—Ä–æ–≤"
8,–ù–∏–∑–∫–∏–π,"–¢–æ–≤–∞—Ä –∏ —Ö–∞—Ä–∞–∫—Ç–µ—Ä–∏—Å—Ç–∏–∫–∞ —Ç–æ–≤–∞—Ä–∞, —Ç—Ä–∏ —Å–ª–æ–≤–∞ –∫–∏—Ä–∏–ª–ª–∏—Ü–µ–π —á–µ—Ä–µ–∑ –ø—Ä–æ–±–µ–ª (¬´—Å–≤–∏—Ç–µ—Ä –∂–µ–Ω—Å–∫–∏–π –∑–µ–ª–µ–Ω—ã–π¬ª)","–ü–æ—è–≤–ª—è–µ—Ç—Å—è —Å–æ–æ–±—â–µ–Ω–∏–µ ‚Äú–ü–æ –∑–∞–ø—Ä–æ—Å—É ¬´—Å–≤–∏—Ç–µ—Ä –∂–µ–Ω—Å–∫–∏–π –∑–µ–ª–µ–Ω—ã–π¬ª –Ω–∞–π–¥–µ–Ω–æ‚Äù, –æ—Ç–æ–±—Ä–∞–∂–∞–µ—Ç—Å—è —Å–ø–∏—Å–æ–∫ —Å–æ–æ—Ç–≤–µ—Ç—Å—Ç–≤—É—é—â–∏—Ö –∑–∞–ø—Ä–æ—Å—É —Ç–æ–≤–∞—Ä–æ–≤"
9,–ù–∏–∑–∫–∏–π,–ß–∞—Å—Ç—å —Å–ª–æ–≤–∞ (¬´–≤–∏–¥–µ–æ¬ª),"–ü–æ—è–≤–ª—è–µ—Ç—Å—è —Å–æ–æ–±—â–µ–Ω–∏–µ ‚Äú–ü–æ –∑–∞–ø—Ä–æ—Å—É ¬´–≤–∏–¥–µ–æ¬ª –Ω–∞–π–¥–µ–Ω–æ‚Äù, –æ—Ç–æ–±—Ä–∞–∂–∞–µ—Ç—Å—è —Å–ø–∏—Å–æ–∫ —Ç–æ–≤–∞—Ä–æ–≤, –≤ –Ω–∞–∑–≤–∞–Ω–∏–∏ –∫–æ—Ç–æ—Ä—ã—Ö –µ—Å—Ç—å ¬´–≤–∏–¥–µ–æ¬ª"
10,–°—Ä–µ–¥–Ω–∏–π,"–ü–æ –≤—ã–ø–∞–¥–∞—é—â–µ–º—É —Å–ø–∏—Å–∫—É (–ª—é–±–æ–µ –∑–Ω–∞—á–µ–Ω–∏–µ –∏–∑ —Å–ø–∏—Å–∫–∞, –Ω–∞–ø—Ä–∏–º–µ—Ä ¬´—Ñ—É—Ç–±–æ–ª–∫–∏ –¥–ª—è –∂–µ–Ω—â–∏–Ω¬ª)","–ü–æ—è–≤–ª—è–µ—Ç—Å—è —Å–æ–æ–±—â–µ–Ω–∏–µ ‚Äú–ü–æ –∑–∞–ø—Ä–æ—Å—É ¬´—Ñ—É—Ç–±–æ–ª–∫–∏ –¥–ª—è –∂–µ–Ω—â–∏–Ω¬ª –Ω–∞–π–¥–µ–Ω–æ‚Äù, –æ—Ç–æ–±—Ä–∞–∂–∞–µ—Ç—Å—è —Å–ø–∏—Å–æ–∫ —Å–æ–æ—Ç–≤–µ—Ç—Å—Ç–≤—É—é—â–∏—Ö –∑–∞–ø—Ä–æ—Å—É —Ç–æ–≤–∞—Ä–æ–≤"
–î—Ä—É–≥–æ–π —è–∑—ã–∫:,,,
11,–°—Ä–µ–¥–Ω–∏–π,–ë—Ä–µ–Ω–¥ –Ω–∞ –∞–Ω–≥–ª–∏–π—Å–∫–æ–º —è–∑—ã–∫–µ (¬´nike¬ª),"–ü–æ—è–≤–ª—è–µ—Ç—Å—è —Å–æ–æ–±—â–µ–Ω–∏–µ ‚Äú–ü–æ –∑–∞–ø—Ä–æ—Å—É ¬´nike¬ª –Ω–∞–π–¥–µ–Ω–æ‚Äù, –æ—Ç–æ–±—Ä–∞–∂–∞–µ—Ç—Å—è —Å–ø–∏—Å–æ–∫ —Å–æ–æ—Ç–≤–µ—Ç—Å—Ç–≤—É—é—â–∏—Ö –∑–∞–ø—Ä–æ—Å—É —Ç–æ–≤–∞—Ä–æ–≤"
12,–°—Ä–µ–¥–Ω–∏–π,"–¢–æ–≤–∞—Ä –∏ –±—Ä–µ–Ω–¥, –∞–Ω–≥–ª–∏–π—Å–∫–æ–µ –∏ —Ä—É—Å—Å–∫–æ–µ —Å–ª–æ–≤–æ —á–µ—Ä–µ–∑ –ø—Ä–æ–±–µ–ª (¬´–∫—Ä–æ—Å—Å–æ–≤–∫–∏ nike¬ª)","–ü–æ—è–≤–ª—è–µ—Ç—Å—è —Å–æ–æ–±—â–µ–Ω–∏–µ ‚Äú–ü–æ –∑–∞–ø—Ä–æ—Å—É ¬´–∫—Ä–æ—Å—Å–æ–≤–∫–∏ nike¬ª –Ω–∞–π–¥–µ–Ω–æ‚Äù, –æ—Ç–æ–±—Ä–∞–∂–∞–µ—Ç—Å—è —Å–ø–∏—Å–æ–∫ —Å–æ–æ—Ç–≤–µ—Ç—Å—Ç–≤—É—é—â–∏—Ö –∑–∞–ø—Ä–æ—Å—É —Ç–æ–≤–∞—Ä–æ–≤"
13,–°—Ä–µ–¥–Ω–∏–π,"–°–ª–æ–≤–æ –Ω–∞ –∞–Ω–≥–ª–∏–π—Å–∫–æ–º, –Ω–∞ —Ä—É—Å—Å–∫–æ–º –∏ —á–∏—Å–ª–æ (¬´honor 50 —á–µ—Ö–æ–ª¬ª)","–ü–æ—è–≤–ª—è–µ—Ç—Å—è —Å–æ–æ–±—â–µ–Ω–∏–µ ‚Äú–ü–æ –∑–∞–ø—Ä–æ—Å—É ¬´honor 50 —á–µ—Ö–æ–ª¬ª –Ω–∞–π–¥–µ–Ω–æ‚Äù, –æ—Ç–æ–±—Ä–∞–∂–∞–µ—Ç—Å—è —Å–ø–∏—Å–æ–∫ —Ç–æ–≤–∞—Ä–æ–≤"
14,–°—Ä–µ–¥–Ω–∏–π,–¢—Ä–∞–Ω—Å–ª–∏—Ç–µ—Ä–∞—Ü–∏—è (¬´pulover¬ª),"–ò—Å–ø—Ä–∞–≤–ª—è–µ—Ç —è–∑—ã–∫ –≤–≤–æ–¥–∞ –Ω–∞ —Ä—É—Å—Å–∫–∏–π, –ø–æ—è–≤–ª—è–µ—Ç—Å—è —Å–æ–æ–±—â–µ–Ω–∏–µ ‚Äú–ü–æ –∑–∞–ø—Ä–æ—Å—É ¬´–ø—É–ª–æ–≤–µ—Ä¬ª –Ω–∞–π–¥–µ–Ω–æ‚Äù, –æ—Ç–æ–±—Ä–∞–∂–∞–µ—Ç—Å—è —Å–ø–∏—Å–æ–∫ —Å–æ–æ—Ç–≤–µ—Ç—Å—Ç–≤—É—é—â–∏—Ö –∑–∞–ø—Ä–æ—Å—É —Ç–æ–≤–∞—Ä–æ–≤"
15,–ù–∏–∑–∫–∏–π,"–ó–∞–ø—Ä–æ—Å –Ω–∞ –¥—Ä—É–≥–æ–º —è–∑—ã–∫–µ (–Ω–∞–ø—Ä–∏–º–µ—Ä, –Ω–∞ –∫–∞–∑–∞—Ö—Å–∫–æ–º ‚Äì ¬´”ò–π–µ–ª –∫“Ø—Ä—Ç–µ—Å—ñ¬ª)","–¢—Ä–∞–Ω—Å–ª–∏—Ç–µ—Ä–∏—Ä—É–µ—Ç –∑–∞–ø—Ä–æ—Å –Ω–∞ —Ä—É—Å—Å–∫–∏–π —è–∑—ã–∫ ‚Äì ¬´–∞–π–ª –∫ –ø—å–µ—Å¬ª
–ü–æ—è–≤–ª—è–µ—Ç—Å—è —Å–æ–æ–±—â–µ–Ω–∏–µ ‚Äú–ü–æ –í–∞—à–µ–º—É –∑–∞–ø—Ä–æ—Å—É –Ω–∏—á–µ–≥–æ –Ω–µ –Ω–∞–π–¥–µ–Ω–æ.‚Äù"
–†–µ–≥–∏—Å—Ç—Ä:,,,
16,–°—Ä–µ–¥–Ω–∏–π,–í–µ—Ä—Ö–Ω–∏–π+–Ω–∏–∂–Ω–∏–π —Ä–µ–≥–∏—Å—Ç—Ä (¬´–®–∞–º–ø—É–Ω—å¬ª),"–ü—Ä–µ–æ–±—Ä–∞–∑—É–µ—Ç —Ä–µ–≥–∏—Å—Ç—Ä —Ç–µ–∫—Å—Ç–∞ –≤ –Ω–∏–∂–Ω–∏–π, –ø–æ—è–≤–ª—è–µ—Ç—Å—è —Å–æ–æ–±—â–µ–Ω–∏–µ ‚Äú–ü–æ –∑–∞–ø—Ä–æ—Å—É ¬´—à–∞–º–ø—É–Ω—å¬ª –Ω–∞–π–¥–µ–Ω–æ‚Äù , –æ—Ç–æ–±—Ä–∞–∂–∞–µ—Ç—Å—è —Å–ø–∏—Å–æ–∫ —Å–æ–æ—Ç–≤–µ—Ç—Å—Ç–≤—É—é—â–∏—Ö –∑–∞–ø—Ä–æ—Å—É —Ç–æ–≤–∞—Ä–æ–≤"
17,–ù–∏–∑–∫–∏–π,–í–µ—Ä—Ö–Ω–∏–π —Ä–µ–≥–∏—Å—Ç—Ä (¬´–°–£–ú–ö–ê¬ª),"–ü—Ä–µ–æ–±—Ä–∞–∑—É–µ—Ç —Ä–µ–≥–∏—Å—Ç—Ä —Ç–µ–∫—Å—Ç–∞ –≤ –Ω–∏–∂–Ω–∏–π, –ø–æ—è–≤–ª—è–µ—Ç—Å—è —Å–æ–æ–±—â–µ–Ω–∏–µ ‚Äú–ü–æ –∑–∞–ø—Ä–æ—Å—É ¬´—Å—É–º–∫–∞¬ª –Ω–∞–π–¥–µ–Ω–æ‚Äù , –æ—Ç–æ–±—Ä–∞–∂–∞–µ—Ç—Å—è —Å–ø–∏—Å–æ–∫ —Å–æ–æ—Ç–≤–µ—Ç—Å—Ç–≤—É—é—â–∏—Ö –∑–∞–ø—Ä–æ—Å—É —Ç–æ–≤–∞—Ä–æ–≤"
–°–ø–µ—Ü—Å–∏–º–≤–æ–ª—ã/–ø—Ä–æ–±–µ–ª—ã/—ç–º–æ–¥–∑–∏:,,,
18,–°—Ä–µ–¥–Ω–∏–π,–°–ª–æ–≤–æ —á–µ—Ä–µ–∑ –¥–µ—Ñ–∏—Å (¬´–≥–µ–ª—å-–ª–∞–∫¬ª),"–ü–æ—è–≤–ª—è–µ—Ç—Å—è —Å–æ–æ–±—â–µ–Ω–∏–µ ‚Äú–ü–æ –∑–∞–ø—Ä–æ—Å—É ¬´–≥–µ–ª—å-–ª–∞–∫¬ª –Ω–∞–π–¥–µ–Ω–æ‚Äù, –æ—Ç–æ–±—Ä–∞–∂–∞–µ—Ç—Å—è —Å–ø–∏—Å–æ–∫ —Å–æ–æ—Ç–≤–µ—Ç—Å—Ç–≤—É—é—â–∏—Ö –∑–∞–ø—Ä–æ—Å—É —Ç–æ–≤–∞—Ä–æ–≤"
19,–°—Ä–µ–¥–Ω–∏–π,–°–ø–µ—Ü—Å–∏–º–≤–æ–ª—ã ( ¬´&¬ª ),"–ü–æ—è–≤–ª—è–µ—Ç—Å—è —Å–æ–æ–±—â–µ–Ω–∏–µ ‚Äú–ü–æ –∑–∞–ø—Ä–æ—Å—É ¬´&¬ª –Ω–∞–π–¥–µ–Ω–æ‚Äù, –æ—Ç–æ–±—Ä–∞–∂–∞–µ—Ç—Å—è —Å–ø–∏—Å–æ–∫ —Ç–æ–≤–∞—Ä–æ–≤, –≤ –Ω–∞–∑–≤–∞–Ω–∏–∏ –∫–æ—Ç–æ—Ä—ã—Ö –µ—Å—Ç—å —Å–∏–º–≤–æ–ª ¬´&¬ª"
20,–°—Ä–µ–¥–Ω–∏–π,–ü—Ä–æ–±–µ–ª,–ü–æ—è–≤–ª—è–µ—Ç—Å—è —Å–æ–æ–±—â–µ–Ω–∏–µ ‚Äú–ü–æ –í–∞—à–µ–º—É –∑–∞–ø—Ä–æ—Å—É –Ω–∏—á–µ–≥–æ –Ω–µ –Ω–∞–π–¥–µ–Ω–æ.‚Äù –∏ –∫–Ω–æ–ø–∫–∞ ‚Äú–ù–∞ –≥–ª–∞–≤–Ω—É—é‚Äù
21,–ù–∏–∑–∫–∏–π,–≠–º–æ–¥–∑–∏ (üòä),–ü–æ—è–≤–ª—è–µ—Ç—Å—è —Å–æ–æ–±—â–µ–Ω–∏–µ ‚Äú–ü–æ –í–∞—à–µ–º—É –∑–∞–ø—Ä–æ—Å—É –Ω–∏—á–µ–≥–æ –Ω–µ –Ω–∞–π–¥–µ–Ω–æ.‚Äù
–†–∞—Å–∫–ª–∞–¥–∫–∞:,,,
22,–°—Ä–µ–¥–Ω–∏–π,–†—É—Å—Å–∫–æ–µ —Å–ª–æ–≤–æ —Å –∞–Ω–≥–ª–∏–π—Å–∫–æ–π —Ä–∞—Å–∫–ª–∞–¥–∫–æ–π (¬´l;bycs¬ª),"–ò—Å–ø—Ä–∞–≤–ª—è–µ—Ç –æ—à–∏–±–∫—É, –ø–æ—è–≤–ª—è–µ—Ç—Å—è —Å–æ–æ–±—â–µ–Ω–∏–µ ‚Äú–ü–æ –∑–∞–ø—Ä–æ—Å—É ¬´–¥–∂–∏–Ω—Å—ã¬ª –Ω–∞–π–¥–µ–Ω–æ‚Äù , –æ—Ç–æ–±—Ä–∞–∂–∞–µ—Ç—Å—è —Å–ø–∏—Å–æ–∫ —Å–æ–æ—Ç–≤–µ—Ç—Å—Ç–≤—É—é—â–∏—Ö –∑–∞–ø—Ä–æ—Å—É —Ç–æ–≤–∞—Ä–æ–≤"
23,–ù–∏–∑–∫–∏–π,–ê–Ω–≥–ª–∏–π—Å–∫–æ–µ —Å–ª–æ–≤–æ —Å —Ä—É—Å—Å–∫–æ–π —Ä–∞—Å–∫–ª–∞–¥–∫–æ–π (¬´—Ñ–≤—à–≤—Ñ—ã¬ª),"–ò—Å–ø—Ä–∞–≤–ª—è–µ—Ç –æ—à–∏–±–∫—É, –ø–æ—è–≤–ª—è–µ—Ç—Å—è —Å–æ–æ–±—â–µ–Ω–∏–µ ‚Äú–ü–æ –∑–∞–ø—Ä–æ—Å—É ¬´adidas¬ª –Ω–∞–π–¥–µ–Ω–æ‚Äù , –æ—Ç–æ–±—Ä–∞–∂–∞–µ—Ç—Å—è —Å–ø–∏—Å–æ–∫ —Å–æ–æ—Ç–≤–µ—Ç—Å—Ç–≤—É—é—â–∏—Ö –∑–∞–ø—Ä–æ—Å—É —Ç–æ–≤–∞—Ä–æ–≤"
–û—à–∏–±–∫–∏/–æ–ø–µ—á–∞—Ç–∫–∏:,,,
24,–°—Ä–µ–¥–Ω–∏–π,–î–≤–∞ —Å–ª–æ–≤–∞ –±–µ–∑ –ø—Ä–æ–±–µ–ª–∞ (¬´–ø–æ–¥—É—à–∫–∞–∞–Ω—Ç–∏—Å—Ç—Ä–µ—Å—Å¬ª),"–ò—Å–ø—Ä–∞–≤–ª—è–µ—Ç –æ—à–∏–±–∫—É, –ø–æ—è–≤–ª—è–µ—Ç—Å—è —Å–æ–æ–±—â–µ–Ω–∏–µ ‚Äú–ü–æ –∑–∞–ø—Ä–æ—Å—É ¬´–ø–æ–¥—É—à–∫–∞ –∞–Ω—Ç–∏—Å—Ç—Ä–µ—Å—Å¬ª –Ω–∞–π–¥–µ–Ω–æ‚Äù, –æ—Ç–æ–±—Ä–∞–∂–∞–µ—Ç—Å—è —Å–ø–∏—Å–æ–∫ —Å–æ–æ—Ç–≤–µ—Ç—Å—Ç–≤—É—é—â–∏—Ö –∑–∞–ø—Ä–æ—Å—É —Ç–æ–≤–∞—Ä–æ–≤"
25,–°—Ä–µ–¥–Ω–∏–π,–û—à–∏–±–∫–∞ –≤ —Å–ª–æ–≤–µ (¬´–∫–æ—Ä–¥–∏–≥–∞–Ω¬ª),"–ò—Å–ø—Ä–∞–≤–ª—è–µ—Ç –æ—à–∏–±–∫—É, –ø–æ—è–≤–ª—è–µ—Ç—Å—è —Å–æ–æ–±—â–µ–Ω–∏–µ ‚Äú–ü–æ –∑–∞–ø—Ä–æ—Å—É ¬´–∫–∞—Ä–¥–∏–≥–∞–Ω¬ª –Ω–∞–π–¥–µ–Ω–æ‚Äù, –æ—Ç–æ–±—Ä–∞–∂–∞–µ—Ç—Å—è —Å–ø–∏—Å–æ–∫ —Å–æ–æ—Ç–≤–µ—Ç—Å—Ç–≤—É—é—â–∏—Ö –∑–∞–ø—Ä–æ—Å—É —Ç–æ–≤–∞—Ä–æ–≤"
26,–ù–∏–∑–∫–∏–π,–ü—Ä–æ–ø—É—â–µ–Ω–Ω–∞—è –±—É–∫–≤–∞ (¬´–∫–æ–ª–≥—Ç–∫–∏¬ª),"–ò—Å–ø—Ä–∞–≤–ª—è–µ—Ç –æ—à–∏–±–∫—É, –ø–æ—è–≤–ª—è–µ—Ç—Å—è —Å–æ–æ–±—â–µ–Ω–∏–µ ‚Äú–ü–æ –∑–∞–ø—Ä–æ—Å—É ¬´–∫–æ–ª–≥–æ—Ç–∫–∏¬ª –Ω–∞–π–¥–µ–Ω–æ‚Äù, –æ—Ç–æ–±—Ä–∞–∂–∞–µ—Ç—Å—è —Å–ø–∏—Å–æ–∫ —Å–æ–æ—Ç–≤–µ—Ç—Å—Ç–≤—É—é—â–∏—Ö –∑–∞–ø—Ä–æ—Å—É —Ç–æ–≤–∞—Ä–æ–≤"
–î–ª–∏–Ω–∞ —Å—Ç—Ä–æ–∫–∏:,,,
27,–í—ã—Å–æ–∫–∏–π,"–¢–æ–≤–∞—Ä, –æ–¥–Ω–æ —Å–ª–æ–≤–æ –∫–∏—Ä–∏–ª–ª–∏—Ü–µ–π (¬´–ø–ª–∞—Ç—å–µ¬ª)","–ü–æ—è–≤–ª—è–µ—Ç—Å—è —Å–æ–æ–±—â–µ–Ω–∏–µ ‚Äú–ü–æ –∑–∞–ø—Ä–æ—Å—É ¬´–ø–ª–∞—Ç—å–µ¬ª –Ω–∞–π–¥–µ–Ω–æ‚Äù, –æ—Ç–æ–±—Ä–∞–∂–∞–µ—Ç—Å—è —Å–ø–∏—Å–æ–∫ —Å–æ–æ—Ç–≤–µ—Ç—Å—Ç–≤—É—é—â–∏—Ö –∑–∞–ø—Ä–æ—Å—É —Ç–æ–≤–∞—Ä–æ–≤"
28,–°—Ä–µ–¥–Ω–∏–π,–û–¥–Ω–∞ –±—É–∫–≤–∞ (¬´–Ω¬ª),"–ü–æ—è–≤–ª—è–µ—Ç—Å—è —Å–æ–æ–±—â–µ–Ω–∏–µ ‚Äú–ü–æ –∑–∞–ø—Ä–æ—Å—É ¬´–Ω¬ª –Ω–∞–π–¥–µ–Ω–æ‚Äù, –æ—Ç–æ–±—Ä–∞–∂–∞–µ—Ç—Å—è —Å–ø–∏—Å–æ–∫ —Ç–æ–≤–∞—Ä–æ–≤, –≤ –Ω–∞–∑–≤–∞–Ω–∏–∏ –∫–æ—Ç–æ—Ä—ã—Ö –µ—Å—Ç—å –±—É–∫–≤–∞ ¬´–Ω¬ª"
29,–°—Ä–µ–¥–Ω–∏–π,"–¢–µ–∫—Å—Ç —Å–æ–¥–µ—Ä–∂–∞—â–∏–π 300 —Å–∏–º–≤–æ–ª–æ–≤
(–≥—Ä–∞–Ω–∏—Ü–∞ –ø–æ –¢–ó)",–¢–µ–∫—Å—Ç –ø–æ–ª–Ω–æ—Å—Ç—å—é –≤–≤–æ–¥–∏—Ç—Å—è –≤ —Å—Ç—Ä–æ–∫—É
30,–°—Ä–µ–¥–Ω–∏–π,–¢–µ–∫—Å—Ç —Å–æ–¥–µ—Ä–∂–∞—â–∏–π 301 —Å–∏–º–≤–æ–ª (–ø—Ä–µ–≤—ã—à–µ–Ω–∏–µ –≥—Ä–∞–Ω–∏—Ü—ã),–¢–µ–∫—Å—Ç –æ–±—Ä–µ–∑–∞–µ—Ç—Å—è –ø–æ—Å–ª–µ 300-–æ–≥–æ —Å–∏–º–≤–æ–ª–∞
31,–°—Ä–µ–¥–Ω–∏–π,"–¢–µ–∫—Å—Ç, —Å–æ–¥–µ—Ä–∂–∞—â–∏–π 10 –º–ª–Ω —Å–∏–º–≤–æ–ª–æ–≤
(–ø–æ–∏—Å–∫ —Ç–µ—Ö–Ω–æ–ª–æ–≥–∏—á–µ—Å–∫–æ–π –≥—Ä–∞–Ω–∏—Ü—ã)",
32,–ù–∏–∑–∫–∏–π,–ü—É—Å—Ç–æ–µ –ø–æ–ª–µ,–ù–µ –∏—â–µ—Ç —Ç–æ–≤–∞—Ä—ã
–ü–æ–∏—Å–∫ –ø–æ —Ñ–æ—Ç–æ,,,
–ü–æ–∏—Å–∫ –ø–æ —Ñ–æ—Ç–æ —Ä–∞–∑–Ω—ã—Ö —Ñ–æ—Ä–º–∞—Ç–æ–≤:,,,
33,–í—ã—Å–æ–∫–∏–π,"JPG, —Ä–∞–∑—Ä–µ—à–µ–Ω–∏–µ –±–æ–ª—å—à–µ 200*200–ø–∏–∫—Å, —Ä–∞–∑–º–µ—Ä –º–µ–Ω—å—à–µ 8–º–±","–ü–æ—è–≤–ª—è–µ—Ç—Å—è —Å–æ–æ–±—â–µ–Ω–∏–µ ‚Äú–ü–æ–∏—Å–∫ –ø–æ —Ñ–æ—Ç–æ‚Äù, –æ—Ç–æ–±—Ä–∞–∂–∞–µ—Ç—Å—è —Å–ø–∏—Å–æ–∫ —Ç–æ–≤–∞—Ä–æ–≤, –≤–∏–∑—É–∞–ª—å–Ω–æ –ø–æ—Ö–æ–∂–∏—Ö –Ω–∞ –∑–∞–≥—Ä—É–∂–µ–Ω–Ω–æ–µ —Ñ–æ—Ç–æ"
34,–í—ã—Å–æ–∫–∏–π,"JPEG, —Ä–∞–∑—Ä–µ—à–µ–Ω–∏–µ –±–æ–ª—å—à–µ 200*200–ø–∏–∫—Å, —Ä–∞–∑–º–µ—Ä –º–µ–Ω—å—à–µ 8–º–±",
35,–í—ã—Å–æ–∫–∏–π,"PNG, —Ä–∞–∑—Ä–µ—à–µ–Ω–∏–µ –±–æ–ª—å—à–µ 200*200–ø–∏–∫—Å, —Ä–∞–∑–º–µ—Ä –º–µ–Ω—å—à–µ 8–º–±",
36,–í—ã—Å–æ–∫–∏–π,"BMP, —Ä–∞–∑—Ä–µ—à–µ–Ω–∏–µ –±–æ–ª—å—à–µ 200*200–ø–∏–∫—Å, —Ä–∞–∑–º–µ—Ä –º–µ–Ω—å—à–µ 8–º–±",
37,–í—ã—Å–æ–∫–∏–π,"GIF, —Ä–∞–∑—Ä–µ—à–µ–Ω–∏–µ –±–æ–ª—å—à–µ 200*200–ø–∏–∫—Å, —Ä–∞–∑–º–µ—Ä –º–µ–Ω—å—à–µ 8–º–±",
38,–°—Ä–µ–¥–Ω–∏–π,"SVG, —Ä–∞–∑—Ä–µ—à–µ–Ω–∏–µ –±–æ–ª—å—à–µ 200*200–ø–∏–∫—Å, —Ä–∞–∑–º–µ—Ä –º–µ–Ω—å—à–µ 8–º–±","–ü–æ—è–≤–ª—è–µ—Ç—Å—è —Å–æ–æ–±—â–µ–Ω–∏–µ ‚Äú–û—à–∏–±–∫–∞ –∑–∞–≥—Ä—É–∑–∫–∏ —Ñ–æ—Ç–æ!

–§–æ—Ç–æ–≥—Ä–∞—Ñ–∏—è –¥–æ–ª–∂–Ω–∞ —Å–æ–æ—Ç–≤–µ—Ç—Å—Ç–≤–æ–≤–∞—Ç—å —Å–ª–µ–¥—É—é—â–∏–º –ø—Ä–∞–≤–∏–ª–∞–º:

—à–∏—Ä–∏–Ω–∞ —Ñ–æ—Ç–æ–≥—Ä–∞—Ñ–∏–∏ –Ω–µ –º–µ–Ω—å—à–µ 200 –ø–∏–∫—Å–µ–ª–µ–π;
–≤—ã—Å–æ—Ç–∞ —Ñ–æ—Ç–æ–≥—Ä–∞—Ñ–∏–∏ –Ω–µ –º–µ–Ω—å—à–µ 200 –ø–∏–∫—Å–µ–ª–µ–π;
¬´–≤–µ—Å¬ª —Ñ–æ—Ç–æ–≥—Ä–∞—Ñ–∏–∏ –Ω–µ –ø—Ä–µ–≤—ã—à–∞–µ—Ç 8 –ú–±;
–ø–æ–¥–¥–µ—Ä–∂–∏–≤–∞—é—Ç—Å—è —Ç–æ–ª—å–∫–æ —Å–ª–µ–¥—É—é—â–∏–µ —Ä–∞—Å—à–∏—Ä–µ–Ω–∏—è —Ñ–∞–π–ª–æ–≤: JPG, JPEG, PNG, BMP, GIF.‚Äù"
–ü–æ–∏—Å–∫ –ø–æ —Ñ–æ—Ç–æ —Ä–∞–∑–Ω–æ–≥–æ –≤–µ—Å–∞:,,,
39,–í—ã—Å–æ–∫–∏–π,"–§–æ—Ç–æ –ø–æ–¥–¥–µ—Ä–∂–∏–≤–∞–µ–º–æ–≥–æ —Ñ–æ—Ä–º–∞—Ç–∞ (¬´JPG¬ª), –±–æ–ª—å—à–µ 200—Ö200 px, –º–µ–Ω—å—à–µ 8 –ú–ë","–ü–æ—è–≤–ª—è–µ—Ç—Å—è —Å–æ–æ–±—â–µ–Ω–∏–µ ‚Äú–ü–æ–∏—Å–∫ –ø–æ —Ñ–æ—Ç–æ‚Äù, –æ—Ç–æ–±—Ä–∞–∂–∞–µ—Ç—Å—è —Å–ø–∏—Å–æ–∫ —Ç–æ–≤–∞—Ä–æ–≤, –≤–∏–∑—É–∞–ª—å–Ω–æ –ø–æ—Ö–æ–∂–∏—Ö –Ω–∞ –∑–∞–≥—Ä—É–∂–µ–Ω–Ω–æ–µ —Ñ–æ—Ç–æ"
40,–í—ã—Å–æ–∫–∏–π,"–§–æ—Ç–æ –ø–æ–¥–¥–µ—Ä–∂–∏–≤–∞–µ–º–æ–≥–æ —Ñ–æ—Ä–º–∞—Ç–∞ (¬´JPG¬ª), –±–æ–ª—å—à–µ 200—Ö200 px, 8 –ú–ë
(–≥—Ä–∞–Ω–∏—Ü–∞ –ø–æ –¢–ó)",
41,–°—Ä–µ–¥–Ω–∏–π,"–§–æ—Ç–æ –ø–æ–¥–¥–µ—Ä–∂–∏–≤–∞–µ–º–æ–≥–æ —Ñ–æ—Ä–º–∞—Ç–∞ (¬´JPG¬ª), –±–æ–ª—å—à–µ 200—Ö200 px, 1 –ö–ë",
42,–°—Ä–µ–¥–Ω–∏–π,"–§–æ—Ç–æ –ø–æ–¥–¥–µ—Ä–∂–∏–≤–∞–µ–º–æ–≥–æ —Ñ–æ—Ä–º–∞—Ç–∞ (¬´JPG¬ª), –±–æ–ª—å—à–µ 200—Ö200 px, 8.1 –ú–ë
(–ø—Ä–µ–≤—ã—à–µ–Ω–∏–µ –≥—Ä–∞–Ω–∏—Ü—ã)

","–ü–æ—è–≤–ª—è–µ—Ç—Å—è —Å–æ–æ–±—â–µ–Ω–∏–µ ‚Äú–û—à–∏–±–∫–∞ –∑–∞–≥—Ä—É–∑–∫–∏ —Ñ–æ—Ç–æ!

–§–æ—Ç–æ–≥—Ä–∞—Ñ–∏—è –¥–æ–ª–∂–Ω–∞ —Å–æ–æ—Ç–≤–µ—Ç—Å—Ç–≤–æ–≤–∞—Ç—å —Å–ª–µ–¥—É—é—â–∏–º –ø—Ä–∞–≤–∏–ª–∞–º:

—à–∏—Ä–∏–Ω–∞ —Ñ–æ—Ç–æ–≥—Ä–∞—Ñ–∏–∏ –Ω–µ –º–µ–Ω—å—à–µ 200 –ø–∏–∫—Å–µ–ª–µ–π;
–≤—ã—Å–æ—Ç–∞ —Ñ–æ—Ç–æ–≥—Ä–∞—Ñ–∏–∏ –Ω–µ –º–µ–Ω—å—à–µ 200 –ø–∏–∫—Å–µ–ª–µ–π;
¬´–≤–µ—Å¬ª —Ñ–æ—Ç–æ–≥—Ä–∞—Ñ–∏–∏ –Ω–µ –ø—Ä–µ–≤—ã—à–∞–µ—Ç 8 –ú–±;
–ø–æ–¥–¥–µ—Ä–∂–∏–≤–∞—é—Ç—Å—è —Ç–æ–ª—å–∫–æ —Å–ª–µ–¥—É—é—â–∏–µ —Ä–∞—Å—à–∏—Ä–µ–Ω–∏—è —Ñ–∞–π–ª–æ–≤: JPG, JPEG, PNG, BMP, GIF.‚Äù"
43,–°—Ä–µ–¥–Ω–∏–π,"–§–æ—Ç–æ –ø–æ–¥–¥–µ—Ä–∂–∏–≤–∞–µ–º–æ–≥–æ —Ñ–æ—Ä–º–∞—Ç–∞ (¬´JPG¬ª), –±–æ–ª—å—à–µ 200—Ö200 px, 2 –ì–ë
(–ø–æ–∏—Å–∫ —Ç–µ—Ö–Ω–æ–ª–æ–≥–∏—á–µ—Å–∫–æ–π –≥—Ä–∞–Ω–∏—Ü—ã)

",
–ü–æ–∏—Å–∫ –ø–æ —Ñ–æ—Ç–æ —Ä–∞–∑–Ω—ã—Ö —Ä–∞–∑–º–µ—Ä–æ–≤,,,
44,–í—ã—Å–æ–∫–∏–π,"–§–æ—Ç–æ –ø–æ–¥–¥–µ—Ä–∂–∏–≤–∞–µ–º–æ–≥–æ —Ñ–æ—Ä–º–∞—Ç–∞ (¬´JPG¬ª), –≤–µ—Å–æ–º –º–µ–Ω—å—à–µ 8 –ú–ë, 200—Ö200 px (–¥–ª–∏–Ω–∞/—à–∏—Ä–∏–Ω–∞)
(–Ω–∏–∂–Ω—è—è –≥—Ä–∞–Ω–∏—Ü–∞ –ø–æ –¢–ó)","–ü–æ—è–≤–ª—è–µ—Ç—Å—è —Å–æ–æ–±—â–µ–Ω–∏–µ ‚Äú–ü–æ–∏—Å–∫ –ø–æ —Ñ–æ—Ç–æ‚Äù, –æ—Ç–æ–±—Ä–∞–∂–∞–µ—Ç—Å—è —Å–ø–∏—Å–æ–∫ —Ç–æ–≤–∞—Ä–æ–≤, –≤–∏–∑—É–∞–ª—å–Ω–æ –ø–æ—Ö–æ–∂–∏—Ö –Ω–∞ –∑–∞–≥—Ä—É–∂–µ–Ω–Ω–æ–µ —Ñ–æ—Ç–æ"
45,–í—ã—Å–æ–∫–∏–π,"–§–æ—Ç–æ –ø–æ–¥–¥–µ—Ä–∂–∏–≤–∞–µ–º–æ–≥–æ —Ñ–æ—Ä–º–∞—Ç–∞ (¬´JPG¬ª), –≤–µ—Å–æ–º –º–µ–Ω—å—à–µ 8 –ú–ë, 200—Ö201 px
(–ø–æ–≥—Ä–∞–Ω–∏—á–Ω–æ–µ –∑–Ω–∞—á–µ–Ω–∏–µ —à–∏—Ä–∏–Ω—ã)",
46,–í—ã—Å–æ–∫–∏–π,"–§–æ—Ç–æ –ø–æ–¥–¥–µ—Ä–∂–∏–≤–∞–µ–º–æ–≥–æ —Ñ–æ—Ä–º–∞—Ç–∞ (¬´JPG¬ª), –≤–µ—Å–æ–º –º–µ–Ω—å—à–µ 8 –ú–ë, 201—Ö200 px
(–ø–æ–≥—Ä–∞–Ω–∏—á–Ω–æ–µ –∑–Ω–∞—á–µ–Ω–∏–µ –¥–ª–∏–Ω—ã)",
47,–ù–∏–∑–∫–∏–π,"–§–æ—Ç–æ –ø–æ–¥–¥–µ—Ä–∂–∏–≤–∞–µ–º–æ–≥–æ —Ñ–æ—Ä–º–∞—Ç–∞ (¬´JPG¬ª), –≤–µ—Å–æ–º –º–µ–Ω—å—à–µ 8 –ú–ë, 200—Ö300px
(–∑–Ω–∞—á–µ–Ω–∏–µ —à–∏—Ä–∏–Ω—ã –≤–Ω—É—Ç—Ä–∏ –∫–ª–∞—Å—Å–∞)",
48,–ù–∏–∑–∫–∏–π,"–§–æ—Ç–æ –ø–æ–¥–¥–µ—Ä–∂–∏–≤–∞–µ–º–æ–≥–æ —Ñ–æ—Ä–º–∞—Ç–∞(¬´JPG¬ª), –≤–µ—Å–æ–º –º–µ–Ω—å—à–µ 8 –ú–ë, 300√ó200px
(–∑–Ω–∞—á–µ–Ω–∏–µ –¥–ª–∏–Ω—ã –≤–Ω—É—Ç—Ä–∏ –∫–ª–∞—Å—Å–∞)",
49,–°—Ä–µ–¥–Ω–∏–π,"–§–æ—Ç–æ –ø–æ–¥–¥–µ—Ä–∂–∏–≤–∞–µ–º–æ–≥–æ —Ñ–æ—Ä–º–∞—Ç–∞(¬´JPG¬ª), –≤–µ—Å–æ–º –º–µ–Ω—å—à–µ 8 –ú–ë, 200√ó100000px
(–ø–æ–∏—Å–∫ —Ç–µ—Ö–Ω–æ–ª–æ–≥–∏—á–µ—Å–∫–æ–π –≥—Ä–∞–Ω–∏—Ü—ã —à–∏—Ä–∏–Ω—ã)","–ü–æ—è–≤–ª—è–µ—Ç—Å—è —Å–æ–æ–±—â–µ–Ω–∏–µ ‚Äú–û—à–∏–±–∫–∞ –∑–∞–≥—Ä—É–∑–∫–∏ —Ñ–æ—Ç–æ!

–§–æ—Ç–æ–≥—Ä–∞—Ñ–∏—è –¥–æ–ª–∂–Ω–∞ —Å–æ–æ—Ç–≤–µ—Ç—Å—Ç–≤–æ–≤–∞—Ç—å —Å–ª–µ–¥—É—é—â–∏–º –ø—Ä–∞–≤–∏–ª–∞–º:

—à–∏—Ä–∏–Ω–∞ —Ñ–æ—Ç–æ–≥—Ä–∞—Ñ–∏–∏ –Ω–µ –º–µ–Ω—å—à–µ 200 –ø–∏–∫—Å–µ–ª–µ–π;
–≤—ã—Å–æ—Ç–∞ —Ñ–æ—Ç–æ–≥—Ä–∞—Ñ–∏–∏ –Ω–µ –º–µ–Ω—å—à–µ 200 –ø–∏–∫—Å–µ–ª–µ–π;
¬´–≤–µ—Å¬ª —Ñ–æ—Ç–æ–≥—Ä–∞—Ñ–∏–∏ –Ω–µ –ø—Ä–µ–≤—ã—à–∞–µ—Ç 8 –ú–±;
–ø–æ–¥–¥–µ—Ä–∂–∏–≤–∞—é—Ç—Å—è —Ç–æ–ª—å–∫–æ —Å–ª–µ–¥—É—é—â–∏–µ —Ä–∞—Å—à–∏—Ä–µ–Ω–∏—è —Ñ–∞–π–ª–æ–≤: JPG, JPEG, PNG, BMP, GIF.‚Äù"
50,–°—Ä–µ–¥–Ω–∏–π,"–§–æ—Ç–æ –ø–æ–¥–¥–µ—Ä–∂–∏–≤–∞–µ–º–æ–≥–æ —Ñ–æ—Ä–º–∞—Ç–∞(¬´JPG¬ª), –≤–µ—Å–æ–º –º–µ–Ω—å—à–µ 8 –ú–ë, 100000√ó200px
(–ø–æ–∏—Å–∫ —Ç–µ—Ö–Ω–æ–ª–æ–≥–∏—á–µ—Å–∫–æ–π –≥—Ä–∞–Ω–∏—Ü—ã –¥–ª–∏–Ω—ã)",
51,–°—Ä–µ–¥–Ω–∏–π,"–§–æ—Ç–æ –ø–æ–¥–¥–µ—Ä–∂–∏–≤–∞–µ–º–æ–≥–æ —Ñ–æ—Ä–º–∞—Ç–∞ (¬´JPG¬ª), –≤–µ—Å–æ–º –º–µ–Ω—å—à–µ 8 –ú–ë, 199—Ö200px
(–¥–ª–∏–Ω–∞ –º–µ–Ω—å—à–µ –≥—Ä–∞–Ω–∏—Ü—ã –ø–æ –¢–ó)",
52,–°—Ä–µ–¥–Ω–∏–π,"–§–æ—Ç–æ –ø–æ–¥–¥–µ—Ä–∂–∏–≤–∞–µ–º–æ–≥–æ —Ñ–æ—Ä–º–∞—Ç–∞ (¬´JPG¬ª), –≤–µ—Å–æ–º –º–µ–Ω—å—à–µ 8 –ú–ë, 200—Ö199px (—à–∏—Ä–∏–Ω–∞ –º–µ–Ω—å—à–µ –≥—Ä–∞–Ω–∏—Ü—ã –ø–æ –¢–ó)",